{"ApplicationVersion":"3.0.2.0","UserName":"irum","Date":"2024-05-01 11:19","FormSettings":[{"LayoutId":-1,"Name":"","Setting":"","SavedLayoutType":1,"SavedOn":"2024-05-01 00:00"},{"LayoutId":7,"Name":"commodity","Setting":"{\"DescriptionMode\":{},\"UnitFrom\":\"\",\"UnitTo\":\"\",\"PivotSubTotals\":{},\"PivotGrandTotals\":{\"Row\":false,\"Column\":false},\"PivotLayout\":\"<RadPivotGrid ColumnWidth=\\\"120\\\" EmptyValueString=\\\"\\\" ColumnGrandTotalsPosition=\\\"None\\\" RowGrandTotalsPosition=\\\"None\\\" ColumnsSubTotalsPosition=\\\"None\\\" AggregatesPosition=\\\"Columns\\\" ShowFilterArea=\\\"True\\\" CausesValidation=\\\"False\\\" Cursor=\\\"Default\\\" TabIndex=\\\"0\\\">\\r\\n  <RowGroupDescriptions>\\r\\n    <Telerik.Pivot.Core.PropertyGroupDescription PropertyName=\\\"Attribute\\\" ShowGroupsWithNoData=\\\"False\\\" AutoShowSubTotals=\\\"False\\\" SortOrder=\\\"Ascending\\\" CustomName=\\\"\\\">\\r\\n      <GroupComparer xsi:type=\\\"Telerik.Pivot.Core.GroupNameComparer\\\" xmlns:xsi=\\\"http://www.w3.org/2001/XMLSchema-instance\\\" />\\r\\n    </Telerik.Pivot.Core.PropertyGroupDescription>\\r\\n    <Telerik.Pivot.Core.PropertyGroupDescription PropertyName=\\\"Process\\\" ShowGroupsWithNoData=\\\"False\\\" AutoShowSubTotals=\\\"False\\\" SortOrder=\\\"Ascending\\\" CustomName=\\\"\\\">\\r\\n      <GroupComparer xsi:type=\\\"Telerik.Pivot.Core.GroupNameComparer\\\" xmlns:xsi=\\\"http://www.w3.org/2001/XMLSchema-instance\\\" />\\r\\n    </Telerik.Pivot.Core.PropertyGroupDescription>\\r\\n  </RowGroupDescriptions>\\r\\n  <ColumnGroupDescriptions>\\r\\n    <Telerik.Pivot.Core.PropertyGroupDescription PropertyName=\\\"Period\\\" ShowGroupsWithNoData=\\\"False\\\" AutoShowSubTotals=\\\"False\\\" SortOrder=\\\"Ascending\\\" CustomName=\\\"\\\">\\r\\n      <GroupComparer xsi:type=\\\"Telerik.Pivot.Core.GroupNameComparer\\\" xmlns:xsi=\\\"http://www.w3.org/2001/XMLSchema-instance\\\" />\\r\\n    </Telerik.Pivot.Core.PropertyGroupDescription>\\r\\n  </ColumnGroupDescriptions>\\r\\n  <AggregateDescriptions>\\r\\n    <Telerik.Pivot.Core.PropertyAggregateDescription PropertyName=\\\"Pv\\\" AggregateFunction=\\\"Sum\\\" IgnoreNullValues=\\\"False\\\" StringFormat=\\\"\\\" CustomName=\\\"\\\" />\\r\\n  </AggregateDescriptions>\\r\\n  <FilterDescriptions>\\r\\n    <Telerik.Pivot.Core.PropertyFilterDescription PropertyName=\\\"Commodity\\\" CustomName=\\\"\\\" />\\r\\n    <Telerik.Pivot.Core.PropertyFilterDescription PropertyName=\\\"Region\\\" CustomName=\\\"\\\" />\\r\\n    <Telerik.Pivot.Core.PropertyFilterDescription PropertyName=\\\"Scenario\\\" CustomName=\\\"\\\" />\\r\\n    <Telerik.Pivot.Core.PropertyFilterDescription PropertyName=\\\"Studyname\\\" CustomName=\\\"\\\" />\\r\\n    <Telerik.Pivot.Core.PropertyFilterDescription PropertyName=\\\"Timeslice\\\" CustomName=\\\"\\\" />\\r\\n    <Telerik.Pivot.Core.PropertyFilterDescription PropertyName=\\\"Vintage\\\" CustomName=\\\"\\\" />\\r\\n  </FilterDescriptions>\\r\\n</RadPivotGrid>\",\"DataViewWithChart\":false}","SavedLayoutType":0,"SavedOn":"2024-04-27 12:20"},{"LayoutId":33,"Name":"process","Setting":"{\"DescriptionMode\":{},\"UnitFrom\":\"\",\"UnitTo\":\"\",\"PivotSubTotals\":{},\"PivotGrandTotals\":{\"Row\":false,\"Column\":false},\"PivotLayout\":\"<RadPivotGrid ColumnWidth=\\\"120\\\" EmptyValueString=\\\"\\\" ColumnGrandTotalsPosition=\\\"None\\\" RowGrandTotalsPosition=\\\"None\\\" ColumnsSubTotalsPosition=\\\"None\\\" AggregatesPosition=\\\"Columns\\\" ShowFilterArea=\\\"True\\\" CausesValidation=\\\"False\\\" Cursor=\\\"Default\\\" TabIndex=\\\"0\\\">\\r\\n  <RowGroupDescriptions>\\r\\n    <Telerik.Pivot.Core.PropertyGroupDescription PropertyName=\\\"Commodity\\\" ShowGroupsWithNoData=\\\"False\\\" AutoShowSubTotals=\\\"False\\\" SortOrder=\\\"Ascending\\\" CustomName=\\\"\\\">\\r\\n      <GroupComparer xsi:type=\\\"Telerik.Pivot.Core.GroupNameComparer\\\" xmlns:xsi=\\\"http://www.w3.org/2001/XMLSchema-instance\\\" />\\r\\n    </Telerik.Pivot.Core.PropertyGroupDescription>\\r\\n    <Telerik.Pivot.Core.PropertyGroupDescription PropertyName=\\\"Userconstraint\\\" ShowGroupsWithNoData=\\\"False\\\" AutoShowSubTotals=\\\"False\\\" SortOrder=\\\"Ascending\\\" CustomName=\\\"\\\">\\r\\n      <GroupComparer xsi:type=\\\"Telerik.Pivot.Core.GroupNameComparer\\\" xmlns:xsi=\\\"http://www.w3.org/2001/XMLSchema-instance\\\" />\\r\\n    </Telerik.Pivot.Core.PropertyGroupDescription>\\r\\n    <Telerik.Pivot.Core.PropertyGroupDescription PropertyName=\\\"Attribute\\\" ShowGroupsWithNoData=\\\"False\\\" AutoShowSubTotals=\\\"False\\\" SortOrder=\\\"Ascending\\\" CustomName=\\\"\\\">\\r\\n      <GroupComparer xsi:type=\\\"Telerik.Pivot.Core.GroupNameComparer\\\" xmlns:xsi=\\\"http://www.w3.org/2001/XMLSchema-instance\\\" />\\r\\n    </Telerik.Pivot.Core.PropertyGroupDescription>\\r\\n  </RowGroupDescriptions>\\r\\n  <ColumnGroupDescriptions>\\r\\n    <Telerik.Pivot.Core.PropertyGroupDescription PropertyName=\\\"Period\\\" ShowGroupsWithNoData=\\\"False\\\" AutoShowSubTotals=\\\"False\\\" SortOrder=\\\"Ascending\\\" CustomName=\\\"\\\">\\r\\n      <GroupComparer xsi:type=\\\"Telerik.Pivot.Core.GroupNameComparer\\\" xmlns:xsi=\\\"http://www.w3.org/2001/XMLSchema-instance\\\" />\\r\\n    </Telerik.Pivot.Core.PropertyGroupDescription>\\r\\n  </ColumnGroupDescriptions>\\r\\n  <AggregateDescriptions>\\r\\n    <Telerik.Pivot.Core.PropertyAggregateDescription PropertyName=\\\"Pv\\\" AggregateFunction=\\\"Sum\\\" IgnoreNullValues=\\\"False\\\" StringFormat=\\\"\\\" CustomName=\\\"\\\" />\\r\\n  </AggregateDescriptions>\\r\\n  <FilterDescriptions>\\r\\n    <Telerik.Pivot.Core.PropertyFilterDescription PropertyName=\\\"Process\\\" CustomName=\\\"\\\" />\\r\\n    <Telerik.Pivot.Core.PropertyFilterDescription PropertyName=\\\"Region\\\" CustomName=\\\"\\\" />\\r\\n    <Telerik.Pivot.Core.PropertyFilterDescription PropertyName=\\\"Scenario\\\" CustomName=\\\"\\\" />\\r\\n    <Telerik.Pivot.Core.PropertyFilterDescription PropertyName=\\\"Studyname\\\" CustomName=\\\"\\\" />\\r\\n    <Telerik.Pivot.Core.PropertyFilterDescription PropertyName=\\\"Timeslice\\\" CustomName=\\\"\\\" />\\r\\n    <Telerik.Pivot.Core.PropertyFilterDescription PropertyName=\\\"Vintage\\\" CustomName=\\\"\\\" />\\r\\n  </FilterDescriptions>\\r\\n</RadPivotGrid>\",\"DataViewWithChart\":false}","SavedLayoutType":0,"SavedOn":"2024-04-29 10:33"}]}