[{"CaseId":323,"CreatedOn":"2024-04-29 10:35","Description":"","EditedOn":"2024-05-01 10:20","EndingYear":"2050","FixResultFileName":"False","FixResultInfo":{"WorkTimesFolderPath":null,"GdxElasticDermands":{"GdxSelectedFile":{"FileName":"","FilePath":"","IsSelected":false},"IsApplied":false},"GdxIre":{"GdxSelectedFile":{"FileName":"","FilePath":"","IsSelected":false},"IsApplied":false,"RadioSelection":1},"GdxUseSolution":{"FixYearsUpto":"","GdxSelectedFile":{"FileName":"","FilePath":"","IsSelected":false},"IsApplied":false,"RadioSelection":1},"IsApplyFixResult":false},"GAMSSourceFolder":"GAMS_SrcTIMES.v4.7.6","Name":"newtech","ParametricGroup":null,"ParametricGroupId":null,"PeriodsDefinition":"pdef-5","PropertiesGroup":"DefaultProperties","PropertiesGroupId":205,"RegionGroup":"AllRegion","RegionGroupId":204,"ScenarioGroup":"AllScenario","ScenarioGroupId":203,"Solver":"cplex","SolverOptionFile":"cplex","UserName":"irum"}]