[{"SavedGroupId":204,"GroupName":"AllRegion","GroupType":"Region","Settings":"[\"REG1\"]","CreatedOn":"2024-04-27 12:19","DisplayCreatedOn":"2024-04-27 12:19","UserName":"irum"},{"SavedGroupId":205,"GroupName":"DefaultProperties","GroupType":"Properties","Settings":"{\"OptCa\": null, \"OptCr\": null, \"Damage\": 2, \"LimCol\": 0, \"LimRow\": 0, \"Oblong\": true, \"ResLim\": 50000, \"Retire\": false, \"IterLim\": 999999, \"SolPrint\": false, \"Uncertainty\": 0, \"RunInStepsOf\": 0, \"ClimateModule\": false, \"LinearVarCost\": true, \"LevelizedCosts\": 3, \"GamsOptionBratio\": \"\", \"DiscreteInvestment\": false, \"DoExtendedQaChecks\": false, \"GeneralEquilibrium\": 3, \"MidYearDiscounting\": true, \"ObjFunctionVariant\": 0, \"ShiftDiscountingBy\": 0, \"Co2CalibrationAtBoh\": false, \"UseSlackVariablesInUc\": false, \"DiscreteUnitCommitment\": false, \"EndoGenousTechLearning\": false, \"WriteBPriceforElastDem\": false, \"SaveSolutionInformation\": false, \"TsForFlowReportingTypes\": 0, \"UseLastRunAsStartingPoint\": false, \"ActivateSensitivityAnalysis\": false}","CreatedOn":"2024-04-27 12:19","DisplayCreatedOn":"2024-04-27 12:19","UserName":"irum"},{"SavedGroupId":203,"GroupName":"AllScenario","GroupType":"Scenario","Settings":"[{\"Name\": \"BASE\", \"Checked\": true, \"RowOrder\": 0, \"ShortName\": \"B\"}, {\"Name\": \"NewTechs\", \"Checked\": false, \"RowOrder\": 1, \"ShortName\": \"SR\"}, {\"Name\": \"SysSettings\", \"Checked\": true, \"RowOrder\": 2, \"ShortName\": \"SS\"}, {\"Name\": \"RNW_Potentials\", \"Checked\": false, \"RowOrder\": 3, \"ShortName\": \"RS\"}]","CreatedOn":"2024-05-01 10:20","DisplayCreatedOn":"2024-05-01 10:20","UserName":"irum"}]