{"ApplicationVersion":"3.0.2.0","UserName":"irum","Date":"2024-04-29 16:20","FormSettings":{"LayoutSettings":[{"LayoutId":32,"Name":"process","Setting":"{\"DescriptionMode\":{},\"UnitFrom\":\"\",\"UnitTo\":\"\",\"PivotSubTotals\":{},\"PivotGrandTotals\":{\"Row\":false,\"Column\":false},\"PivotLayout\":\"<RadPivotGrid ColumnWidth=\\\"120\\\" EmptyValueString=\\\"\\\" ColumnGrandTotalsPosition=\\\"None\\\" RowGrandTotalsPosition=\\\"None\\\" ColumnsSubTotalsPosition=\\\"None\\\" AggregatesPosition=\\\"Columns\\\" ShowFilterArea=\\\"True\\\" Cursor=\\\"Default\\\" TabIndex=\\\"0\\\">\\r\\n  <RowGroupDescriptions>\\r\\n    <Telerik.Pivot.Core.PropertyGroupDescription PropertyName=\\\"attribute\\\" ShowGroupsWithNoData=\\\"False\\\" AutoShowSubTotals=\\\"False\\\" SortOrder=\\\"Ascending\\\" CustomName=\\\"\\\">\\r\\n      <GroupComparer xsi:type=\\\"Telerik.Pivot.Core.GroupNameComparer\\\" xmlns:xsi=\\\"http://www.w3.org/2001/XMLSchema-instance\\\" />\\r\\n    </Telerik.Pivot.Core.PropertyGroupDescription>\\r\\n    <Telerik.Pivot.Core.PropertyGroupDescription PropertyName=\\\"lim_type\\\" ShowGroupsWithNoData=\\\"False\\\" AutoShowSubTotals=\\\"False\\\" SortOrder=\\\"Ascending\\\" CustomName=\\\"\\\">\\r\\n      <GroupComparer xsi:type=\\\"Telerik.Pivot.Core.GroupNameComparer\\\" xmlns:xsi=\\\"http://www.w3.org/2001/XMLSchema-instance\\\" />\\r\\n    </Telerik.Pivot.Core.PropertyGroupDescription>\\r\\n  </RowGroupDescriptions>\\r\\n  <ColumnGroupDescriptions>\\r\\n    <Telerik.Pivot.Core.PropertyGroupDescription PropertyName=\\\"year\\\" ShowGroupsWithNoData=\\\"False\\\" AutoShowSubTotals=\\\"False\\\" SortOrder=\\\"Ascending\\\" CustomName=\\\"\\\">\\r\\n      <GroupComparer xsi:type=\\\"Telerik.Pivot.Core.GroupNameComparer\\\" xmlns:xsi=\\\"http://www.w3.org/2001/XMLSchema-instance\\\" />\\r\\n    </Telerik.Pivot.Core.PropertyGroupDescription>\\r\\n  </ColumnGroupDescriptions>\\r\\n  <AggregateDescriptions>\\r\\n    <Telerik.Pivot.Core.PropertyAggregateDescription PropertyName=\\\"val_field\\\" AggregateFunction=\\\"Sum\\\" IgnoreNullValues=\\\"False\\\" StringFormat=\\\"0.00\\\" CustomName=\\\"\\\" />\\r\\n  </AggregateDescriptions>\\r\\n  <FilterDescriptions>\\r\\n    <Telerik.Pivot.Core.PropertyFilterDescription PropertyName=\\\"process\\\" CustomName=\\\"\\\" />\\r\\n    <Telerik.Pivot.Core.PropertyFilterDescription PropertyName=\\\"commodity_group\\\" CustomName=\\\"\\\" />\\r\\n    <Telerik.Pivot.Core.PropertyFilterDescription PropertyName=\\\"currency\\\" CustomName=\\\"\\\" />\\r\\n    <Telerik.Pivot.Core.PropertyFilterDescription PropertyName=\\\"time_slice\\\" CustomName=\\\"\\\" />\\r\\n    <Telerik.Pivot.Core.PropertyFilterDescription PropertyName=\\\"region\\\" CustomName=\\\"\\\" />\\r\\n    <Telerik.Pivot.Core.PropertyFilterDescription PropertyName=\\\"commodity\\\" CustomName=\\\"\\\" />\\r\\n    <Telerik.Pivot.Core.PropertyFilterDescription PropertyName=\\\"commodity2\\\" CustomName=\\\"\\\" />\\r\\n    <Telerik.Pivot.Core.PropertyFilterDescription PropertyName=\\\"region2\\\" CustomName=\\\"\\\" />\\r\\n    <Telerik.Pivot.Core.PropertyFilterDescription PropertyName=\\\"time_slice2\\\" CustomName=\\\"\\\" />\\r\\n    <Telerik.Pivot.Core.PropertyFilterDescription PropertyName=\\\"scenario\\\" CustomName=\\\"\\\" />\\r\\n  </FilterDescriptions>\\r\\n</RadPivotGrid>\",\"DataViewWithChart\":false}","SavedLayoutType":0,"SavedOn":"2024-04-27 12:33"},{"LayoutId":38,"Name":"commodity","Setting":"{\"DescriptionMode\":{},\"UnitFrom\":\"\",\"UnitTo\":\"\",\"PivotSubTotals\":{},\"PivotGrandTotals\":{\"Row\":false,\"Column\":false},\"PivotLayout\":\"<RadPivotGrid ColumnWidth=\\\"120\\\" EmptyValueString=\\\"\\\" ColumnGrandTotalsPosition=\\\"None\\\" RowGrandTotalsPosition=\\\"None\\\" ColumnsSubTotalsPosition=\\\"None\\\" AggregatesPosition=\\\"Columns\\\" ShowFilterArea=\\\"True\\\" Cursor=\\\"Default\\\" TabIndex=\\\"0\\\">\\r\\n  <RowGroupDescriptions>\\r\\n    <Telerik.Pivot.Core.PropertyGroupDescription PropertyName=\\\"attribute\\\" ShowGroupsWithNoData=\\\"False\\\" AutoShowSubTotals=\\\"False\\\" SortOrder=\\\"Ascending\\\" CustomName=\\\"\\\">\\r\\n      <GroupComparer xsi:type=\\\"Telerik.Pivot.Core.GroupNameComparer\\\" xmlns:xsi=\\\"http://www.w3.org/2001/XMLSchema-instance\\\" />\\r\\n    </Telerik.Pivot.Core.PropertyGroupDescription>\\r\\n    <Telerik.Pivot.Core.PropertyGroupDescription PropertyName=\\\"process\\\" ShowGroupsWithNoData=\\\"False\\\" AutoShowSubTotals=\\\"False\\\" SortOrder=\\\"Ascending\\\" CustomName=\\\"\\\">\\r\\n      <GroupComparer xsi:type=\\\"Telerik.Pivot.Core.GroupNameComparer\\\" xmlns:xsi=\\\"http://www.w3.org/2001/XMLSchema-instance\\\" />\\r\\n    </Telerik.Pivot.Core.PropertyGroupDescription>\\r\\n    <Telerik.Pivot.Core.PropertyGroupDescription PropertyName=\\\"scenario\\\" ShowGroupsWithNoData=\\\"False\\\" AutoShowSubTotals=\\\"False\\\" SortOrder=\\\"Ascending\\\" CustomName=\\\"\\\">\\r\\n      <GroupComparer xsi:type=\\\"Telerik.Pivot.Core.GroupNameComparer\\\" xmlns:xsi=\\\"http://www.w3.org/2001/XMLSchema-instance\\\" />\\r\\n    </Telerik.Pivot.Core.PropertyGroupDescription>\\r\\n  </RowGroupDescriptions>\\r\\n  <ColumnGroupDescriptions>\\r\\n    <Telerik.Pivot.Core.PropertyGroupDescription PropertyName=\\\"year\\\" ShowGroupsWithNoData=\\\"False\\\" AutoShowSubTotals=\\\"False\\\" SortOrder=\\\"Ascending\\\" CustomName=\\\"\\\">\\r\\n      <GroupComparer xsi:type=\\\"Telerik.Pivot.Core.GroupNameComparer\\\" xmlns:xsi=\\\"http://www.w3.org/2001/XMLSchema-instance\\\" />\\r\\n    </Telerik.Pivot.Core.PropertyGroupDescription>\\r\\n  </ColumnGroupDescriptions>\\r\\n  <AggregateDescriptions>\\r\\n    <Telerik.Pivot.Core.PropertyAggregateDescription PropertyName=\\\"val_field\\\" AggregateFunction=\\\"Sum\\\" IgnoreNullValues=\\\"False\\\" StringFormat=\\\"0.00\\\" CustomName=\\\"\\\" />\\r\\n  </AggregateDescriptions>\\r\\n  <FilterDescriptions>\\r\\n    <Telerik.Pivot.Core.PropertyFilterDescription PropertyName=\\\"commodity\\\" CustomName=\\\"\\\" />\\r\\n    <Telerik.Pivot.Core.PropertyFilterDescription PropertyName=\\\"region\\\" CustomName=\\\"\\\" />\\r\\n    <Telerik.Pivot.Core.PropertyFilterDescription PropertyName=\\\"commodity_group\\\" CustomName=\\\"\\\" />\\r\\n    <Telerik.Pivot.Core.PropertyFilterDescription PropertyName=\\\"time_slice\\\" CustomName=\\\"\\\" />\\r\\n    <Telerik.Pivot.Core.PropertyFilterDescription PropertyName=\\\"commodity2\\\" CustomName=\\\"\\\" />\\r\\n    <Telerik.Pivot.Core.PropertyFilterDescription PropertyName=\\\"region2\\\" CustomName=\\\"\\\" />\\r\\n    <Telerik.Pivot.Core.PropertyFilterDescription PropertyName=\\\"time_slice2\\\" CustomName=\\\"\\\" />\\r\\n  </FilterDescriptions>\\r\\n</RadPivotGrid>\",\"DataViewWithChart\":false}","SavedLayoutType":0,"SavedOn":"2024-04-29 15:20"}]}}