{"ApplicationVersion":"3.0.2.0","UserName":"irum","Date":"2024-05-01 11:20","FormSettings":{"DimensionsWithColumnsInfo":{"period":{"Name":173,"Select":20},"region":{"Name":50,"Select":20},"process":{"Name":49,"Select":20,"Description":133},"vintage":{"Name":181,"Select":20},"scenario":{"Name":190,"Select":20},"attribute":{"Name":45,"Select":20,"Description":137},"commodity":{"Name":91,"Select":20,"Description":91},"studyname":{"Name":50,"Select":20},"timeslice":{"Name":196,"Select":20},"processset":{"Name":50,"Select":20,"Description":50},"commodityset":{"Name":45,"Select":20,"Description":154},"userconstraint":{"Name":91,"Select":20,"Description":91}}}}